,R_fighter,B_fighter,date,Winner,B_total_time_fought(seconds),B_total_rounds_fought,B_total_title_bouts,B_current_win_streak,B_current_lose_streak,B_longest_win_streak,B_wins,B_losses,B_draw,B_win_by_Decision_Majority,B_win_by_Decision_Split,B_win_by_Decision_Unanimous,B_win_by_KO/TKO,B_win_by_Submission,B_win_by_TKO_Doctor_Stoppage,B_Height_cms,B_Reach_cms,B_Weight_lbs,R_total_time_fought(seconds),R_total_rounds_fought,R_total_title_bouts,R_current_win_streak,R_current_lose_streak,R_longest_win_streak,R_wins,R_losses,R_draw,R_win_by_Decision_Majority,R_win_by_Decision_Split,R_win_by_Decision_Unanimous,R_win_by_KO/TKO,R_win_by_Submission,R_win_by_TKO_Doctor_Stoppage,R_Height_cms,R_Reach_cms,R_Weight_lbs,B_age,R_age,R_Stance_Orthodox,R_Stance_Southpaw,R_Stance_Switch,R_Stance_nan,B_Stance_Orthodox,B_Stance_Southpaw,B_Stance_Switch,B_Stance_nan
6,Song Kenan,Max Griffin,2021-03-20,0,809.53125,28,0,0,1,1,4,6,0,1,0,1,2,0,0,180.34,193.04,170.0,445.0,10,0,2,0,2,4,1,0,0,0,1,3,0,0,182.88,180.34,170.0,35.0,31.0,0.0,0.0,1.0,0.0,1.0,0.0,0.0,0.0
12,Leon Edwards,Belal Muhammad,2021-03-13,1,876.05322265625,34,0,0,1,4,9,3,0,0,1,6,1,1,0,180.34,182.88,170.0,1273.572265625,38,0,0,1,8,10,2,0,0,1,6,2,1,0,187.96,187.96,170.0,32.0,29.0,1.0,0.0,0.0,0.0,0.0,1.0,0.0,0.0
20,Matthew Semelsberger,Jason Witt,2021-03-13,2,238.5,3,0,0,1,1,1,1,0,0,0,0,0,1,0,177.8,177.8,170.0,900.0,3,0,1,0,1,1,0,0,0,0,1,0,0,0,185.42,190.5,170.0,34.0,28.0,1.0,0.0,0.0,0.0,1.0,0.0,0.0,0.0
36,Sean Brady,Jake Matthews,2021-03-06,2,861.528564453125,34,0,2,0,3,10,4,0,0,1,4,0,4,1,180.34,185.42,170.0,653.5,8,0,3,0,3,3,0,0,0,0,2,0,1,0,177.8,182.88,170.0,26.0,28.0,1.0,0.0,0.0,0.0,1.0,0.0,0.0,0.0
60,Belal Muhammad,Dhiego Lima,2021-02-13,2,760.28515625,18,2,0,1,3,4,5,0,0,2,1,1,0,0,187.96,190.5,170.0,852.1064453125,31,0,0,1,4,8,3,0,0,1,5,1,1,0,180.34,182.88,170.0,32.0,32.0,1.0,0.0,0.0,0.0,0.0,0.0,1.0,0.0
62,Kamaru Usman,Gilbert Burns,2021-02-13,2,993.7979125976562,36,0,3,0,6,12,3,0,0,0,5,3,4,0,177.8,180.34,170.0,1462.77685546875,43,4,12,0,12,12,0,0,0,0,9,2,1,0,182.88,193.04,170.0,34.0,33.0,1.0,0.0,0.0,0.0,0.0,1.0,0.0,0.0
94,Warlley Alves,Mounir Lazzez,2021-01-20,2,900.0,3,0,1,0,1,1,0,0,0,0,1,0,0,0,185.42,193.04,170.0,549.8701171875,27,1,4,0,4,7,4,0,0,0,2,1,3,1,180.34,182.88,170.0,33.0,30.0,1.0,0.0,0.0,0.0,1.0,0.0,0.0,0.0
98,Michael Chiesa,Neil Magny,2021-01-20,2,883.5130150318146,61,0,1,0,7,17,6,0,0,1,10,5,1,0,190.5,203.2,170.0,765.479736328125,30,1,2,0,3,10,4,0,0,0,4,0,6,0,185.42,190.5,170.0,33.0,33.0,1.0,0.0,0.0,0.0,1.0,0.0,0.0,0.0
109,Carlos Condit,Matt Brown,2021-01-16,2,401.9071006178856,58,0,1,0,7,15,11,0,0,0,2,11,2,0,182.88,190.5,170.0,694.5741882324219,48,3,0,1,5,8,9,0,0,1,2,4,0,1,187.96,190.5,170.0,40.0,36.0,0.0,1.0,0.0,0.0,1.0,0.0,0.0,0.0
110,David Zawada,Ramazan Emeev,2021-01-16,0,900.0,15,0,3,0,3,4,1,0,0,0,4,0,0,0,177.8,193.04,170.0,521.75,7,0,0,2,1,1,2,0,0,0,0,0,1,0,182.88,190.5,170.0,33.0,30.0,0.0,1.0,0.0,0.0,1.0,0.0,0.0,0.0
112,Santiago Ponzinibbio,Li Jingliang,2021-01-16,0,876.60693359375,32,0,1,0,4,9,4,0,0,1,2,6,0,0,182.88,180.34,170.0,858.296875,25,0,0,1,7,9,2,0,0,0,4,5,0,0,182.88,185.42,170.0,32.0,34.0,1.0,0.0,0.0,0.0,1.0,0.0,0.0,0.0
119,Stephen Thompson,Geoff Neal,2020-12-19,2,306.6875,9,0,5,0,5,5,0,0,0,0,1,3,1,0,180.34,190.5,170.0,927.1433715820312,43,2,1,0,7,10,5,0,0,0,5,5,0,0,182.88,190.5,170.0,30.0,37.0,1.0,0.0,0.0,0.0,1.0,0.0,0.0,0.0
121,Anthony Pettis,Alex Morono,2020-12-19,2,632.2890625,26,0,2,0,3,7,4,0,0,1,4,1,1,0,180.34,182.88,170.0,737.9572067260742,48,4,0,1,5,10,9,0,0,1,2,3,4,0,177.8,182.88,155.0,30.0,33.0,1.0,0.0,0.0,0.0,0.0,1.0,0.0,0.0
123,Michel Pereira,Khaos Williams,2020-12-19,2,28.5,2,0,2,0,2,2,0,0,0,0,0,2,0,0,182.88,195.58,170.0,762.625,10,0,1,0,1,2,2,0,0,0,0,1,1,0,185.42,185.42,170.0,26.0,27.0,0.0,1.0,0.0,0.0,0.0,0.0,1.0,0.0
148,Miguel Baeza,Takashi Sato,2020-11-28,2,297.25,6,0,1,0,1,2,1,0,0,0,0,2,0,0,177.8,185.42,170.0,385.0,4,0,2,0,2,2,0,0,0,0,0,2,0,0,187.96,187.96,170.0,30.0,28.0,0.0,1.0,0.0,0.0,1.0,0.0,0.0,0.0
163,Mike Perry,Tim Means,2020-11-21,0,645.7012319564819,48,0,2,0,4,12,10,0,0,1,4,5,2,0,187.96,190.5,170.0,676.01513671875,30,0,2,0,2,7,6,0,0,1,2,4,0,0,177.8,180.34,170.0,36.0,29.0,0.0,1.0,0.0,0.0,1.0,0.0,0.0,0.0
165,Daniel Rodriguez,Nicolas Dalby,2020-11-21,0,534.0,16,0,1,0,1,2,4,0,0,1,1,0,0,0,180.34,187.96,170.0,426.25,6,0,3,0,3,3,0,0,0,0,1,1,1,0,185.42,187.96,170.0,36.0,33.0,1.0,0.0,0.0,0.0,1.0,0.0,0.0,0.0
173,Alex Morono,Rhys McKee,2020-11-14,2,189.0,1,0,0,1,0,0,1,0,0,0,0,0,0,0,187.96,198.12,170.0,364.578125,23,0,2,0,3,6,4,0,0,1,3,1,1,0,180.34,182.88,170.0,25.0,30.0,1.0,0.0,0.0,0.0,1.0,0.0,0.0,0.0
174,Abdul Razak Alhassan,Khaos Williams,2020-11-14,0,27.0,1,0,1,0,1,1,0,0,0,0,0,1,0,0,182.88,195.58,170.0,535.21875,10,0,1,0,3,4,2,0,0,0,0,4,0,0,177.8,185.42,170.0,26.0,35.0,1.0,0.0,0.0,0.0,0.0,1.0,0.0,0.0
196,Cole Williams,Jason Witt,2020-10-31,0,48.0,1,0,0,1,0,0,1,0,0,0,0,0,0,0,177.8,177.8,170.0,155.0,1,0,0,1,0,0,1,0,0,0,0,0,0,0,182.88,185.42,170.0,33.0,36.0,0.0,1.0,0.0,0.0,0.0,0.0,1.0,0.0
216,Claudio Silva,James Krause,2020-10-17,0,825.97900390625,29,0,1,0,6,8,4,0,0,0,3,3,2,0,187.96,185.42,170.0,413.125,11,0,5,0,5,5,0,0,0,1,1,0,3,0,180.34,180.34,170.0,34.0,38.0,1.0,0.0,0.0,0.0,1.0,0.0,0.0,0.0
234,Carlos Condit,Court McGee,2020-10-03,2,894.9426879882812,45,1,3,0,3,8,8,0,0,1,5,0,2,0,180.34,190.5,170.0,489.14837646484375,45,3,0,1,5,7,9,0,0,1,1,4,0,1,187.96,190.5,170.0,35.0,36.0,1.0,0.0,0.0,0.0,0.0,1.0,0.0,0.0
249,Diego Sanchez,Jake Matthews,2020-09-26,0,823.05712890625,31,0,2,0,3,9,4,0,0,1,3,0,4,1,180.34,185.42,170.0,764.2898349920288,81,2,6,0,6,19,12,0,0,3,9,6,0,0,177.8,182.88,170.0,26.0,38.0,0.0,0.0,1.0,0.0,1.0,0.0,0.0,0.0
258,Colby Covington,Tyron Woodley,2020-09-19,2,1364.86962890625,42,6,1,0,3,9,5,0,1,1,1,5,1,0,175.26,187.96,170.0,1395.83984375,38,2,3,0,7,10,2,0,0,0,6,2,2,0,180.34,182.88,170.0,38.0,32.0,0.0,1.0,0.0,0.0,1.0,0.0,0.0,0.0
263,Donald Cerrone,Niko Price,2020-09-19,1,524.685546875,18,0,1,0,2,6,5,0,0,0,0,4,2,0,182.88,193.04,170.0,594.3883661901345,75,1,4,0,8,23,12,0,0,0,7,10,6,0,185.42,185.42,155.0,30.0,37.0,1.0,0.0,0.0,0.0,1.0,0.0,0.0,0.0
280,Bryan Barberena,Anthony Ivy,2020-09-12,2,59.0,1,0,0,1,0,0,1,0,0,0,0,0,0,0,187.96,187.96,185.0,717.8828125,25,0,1,0,2,5,5,0,0,0,1,3,1,0,182.88,182.88,170.0,30.0,31.0,0.0,1.0,0.0,0.0,1.0,0.0,0.0,0.0
284,Michel Pereira,Zelim Imadaev,2020-09-05,2,747.0,5,0,0,2,0,0,2,0,0,0,0,0,0,0,182.88,193.04,170.0,646.25,7,0,1,0,1,1,2,0,0,0,0,1,0,0,185.42,185.42,170.0,25.0,26.0,0.0,1.0,0.0,0.0,1.0,0.0,0.0,0.0
292,Robbie Lawler,Neil Magny,2020-08-29,0,867.0260300636292,58,0,1,0,7,16,6,0,0,1,9,5,1,0,190.5,203.2,170.0,1091.739270210266,63,5,3,0,5,13,8,0,0,3,4,6,0,0,180.34,187.96,170.0,33.0,38.0,1.0,0.0,0.0,0.0,1.0,0.0,0.0,0.0
296,Sean Brady,Christian Aguilera,2020-08-29,2,59.0,1,0,1,0,1,1,0,0,0,0,0,1,0,0,175.26,182.88,170.0,900.0,6,0,2,0,2,2,0,0,0,0,2,0,0,0,177.8,182.88,170.0,28.0,27.0,0.0,1.0,0.0,0.0,0.0,0.0,1.0,0.0
301,Daniel Rodriguez,Dwight Grant,2020-08-22,2,749.75,7,0,0,1,2,2,1,0,0,1,0,1,0,0,185.42,193.04,170.0,708.5,5,0,2,0,2,2,0,0,0,0,1,0,1,0,185.42,187.96,170.0,35.0,33.0,0.0,1.0,0.0,0.0,1.0,0.0,0.0,0.0
319,Tim Means,Laureano Staropoli,2020-08-08,2,900.0,9,0,2,0,2,2,1,0,0,0,2,0,0,0,185.42,180.34,170.0,391.4024639129639,45,0,2,0,4,11,10,0,0,1,3,5,2,0,187.96,190.5,170.0,27.0,36.0,0.0,1.0,0.0,0.0,1.0,0.0,0.0,0.0
335,Vicente Luque,Randy Brown,2020-08-01,2,531.12109375,23,0,1,0,2,6,3,0,0,0,2,2,2,0,190.5,198.12,170.0,798.3233642578125,28,0,0,1,6,11,3,0,0,1,0,6,3,1,180.34,190.5,170.0,30.0,28.0,1.0,0.0,0.0,0.0,1.0,0.0,0.0,0.0
339,Alex Oliveira,Peter Sobotta,2020-07-25,2,715.46875,22,0,0,3,2,4,5,0,0,0,2,1,1,0,182.88,190.5,170.0,840.3583526611328,39,0,0,1,3,10,7,0,0,1,2,4,3,0,180.34,193.04,170.0,33.0,32.0,1.0,0.0,0.0,0.0,1.0,0.0,0.0,0.0
348,Nicolas Dalby,Jesse Ronson,2020-07-25,1,900.0,9,0,0,3,0,0,3,0,0,0,0,0,0,0,177.8,177.8,170.0,900.0,15,0,1,0,1,2,3,0,0,1,1,0,0,0,180.34,187.96,170.0,34.0,35.0,0.0,1.0,0.0,0.0,0.0,1.0,0.0,0.0
380,Elizeu Zaleski dos Santos,Muslim Salikhov,2020-07-11,0,648.25,8,0,0,1,3,3,1,0,0,0,1,2,0,0,180.34,177.8,170.0,750.646484375,25,0,0,1,7,8,2,0,0,1,3,3,1,0,180.34,185.42,170.0,36.0,33.0,1.0,0.0,0.0,0.0,1.0,0.0,0.0,0.0
383,Kamaru Usman,Jorge Masvidal,2020-07-11,2,611.0924301147461,47,0,2,0,3,12,6,0,0,0,5,5,1,1,180.34,187.96,170.0,1425.5537109375,38,3,11,0,11,11,0,0,0,0,8,2,1,0,182.88,193.04,170.0,35.0,33.0,0.0,0.0,1.0,0.0,1.0,0.0,0.0,0.0
394,Mike Perry,Mickey Gall,2020-06-27,2,668.421875,13,0,3,0,3,5,2,0,0,0,1,0,4,0,187.96,187.96,170.0,452.0302734375,27,0,2,0,2,6,6,0,0,1,1,4,0,0,177.8,180.34,170.0,28.0,28.0,0.0,1.0,0.0,0.0,0.0,0.0,1.0,0.0
403,Belal Muhammad,Lyman Good,2020-06-20,2,501.0625,10,0,1,0,1,3,2,0,0,0,0,3,0,0,182.88,187.96,170.0,804.212890625,28,0,0,1,4,7,3,0,0,1,4,1,1,0,180.34,182.88,170.0,35.0,31.0,0.0,1.0,0.0,0.0,1.0,0.0,0.0,0.0
428,Neil Magny,Anthony Rocco Martin,2020-06-06,2,878.148193359375,38,0,0,2,4,9,5,0,0,0,5,1,3,0,182.88,185.42,170.0,834.0520601272583,55,0,1,0,7,15,6,0,0,1,8,5,1,0,190.5,203.2,170.0,30.0,32.0,1.0,0.0,0.0,0.0,1.0,0.0,0.0,0.0
439,Tyron Woodley,Gilbert Burns,2020-05-30,0,487.5958251953125,31,0,3,0,5,11,3,0,0,0,4,3,4,0,177.8,180.34,170.0,1229.7392578125,37,6,1,0,3,9,4,0,1,1,1,5,1,0,175.26,187.96,170.0,33.0,38.0,1.0,0.0,0.0,0.0,1.0,0.0,0.0,0.0
450,Matt Brown,Miguel Baeza,2020-05-16,0,452.0,2,0,1,0,1,1,0,0,0,0,0,1,0,0,187.96,187.96,170.0,485.8142012357712,56,0,1,0,7,15,10,0,0,0,2,11,2,0,182.88,190.5,170.0,27.0,39.0,1.0,0.0,0.0,0.0,1.0,0.0,0.0,0.0
467,Anthony Pettis,Donald Cerrone,2020-05-09,2,288.7767323802691,72,1,4,0,8,23,11,0,0,0,7,10,6,0,185.42,185.42,155.0,575.9144134521484,45,4,0,1,5,9,9,0,0,1,1,3,4,0,177.8,182.88,155.0,37.0,33.0,1.0,0.0,0.0,0.0,1.0,0.0,0.0,0.0
473,Vicente Luque,Niko Price,2020-05-09,2,232.37109375,15,0,1,0,2,6,4,0,0,0,0,4,2,0,182.88,193.04,170.0,779.646728515625,25,0,0,1,6,10,3,0,0,1,0,6,3,0,180.34,190.5,170.0,30.0,28.0,1.0,0.0,0.0,0.0,1.0,0.0,0.0,0.0
480,Elizeu Zaleski dos Santos,Aleksei Kunchenko,2020-03-14,2,900.0,9,0,2,0,2,2,1,0,0,0,2,0,0,0,172.72,177.8,170.0,601.29296875,22,0,0,1,7,7,2,0,0,1,2,3,1,0,180.34,185.42,170.0,35.0,33.0,0.0,1.0,0.0,0.0,1.0,0.0,0.0,0.0
482,Demian Maia,Gilbert Burns,2020-03-14,0,821.191650390625,30,0,3,0,4,10,3,0,0,0,4,2,4,0,177.8,180.34,170.0,817.9370818464085,85,2,5,0,7,22,9,0,1,1,8,1,11,0,185.42,182.88,170.0,33.0,42.0,0.0,1.0,0.0,0.0,0.0,1.0,0.0,0.0
490,Neil Magny,Li Jingliang,2020-03-07,2,853.2138671875,29,0,1,0,4,9,3,0,0,1,2,6,0,0,182.88,180.34,170.0,768.1041202545166,52,0,1,0,7,14,6,0,0,1,7,5,1,0,190.5,203.2,170.0,31.0,32.0,1.0,0.0,0.0,0.0,1.0,0.0,0.0,0.0
499,Alex Oliveira,Max Griffin,2020-03-07,2,892.125,22,0,0,1,1,3,5,0,1,0,1,1,0,0,180.34,193.04,170.0,780.7167053222656,36,0,0,1,3,9,7,0,0,0,2,4,3,0,180.34,193.04,170.0,34.0,32.0,1.0,0.0,0.0,0.0,0.0,1.0,0.0,0.0
509,Sean Brady,Ismail Naurdiev,2020-02-29,2,900.0,9,0,1,0,1,2,1,0,0,0,2,0,0,0,177.8,187.96,170.0,900.0,3,0,1,0,1,1,0,0,0,0,1,0,0,0,177.8,182.88,170.0,23.0,27.0,1.0,0.0,0.0,0.0,1.0,0.0,0.0,0.0
519,Jake Matthews,Emil Meek,2020-02-22,2,900.0,9,0,1,0,1,1,2,0,0,0,1,0,0,0,180.34,187.96,170.0,746.1142578125,28,0,2,0,3,8,4,0,0,1,2,0,4,1,180.34,185.42,170.0,31.0,25.0,1.0,0.0,0.0,0.0,1.0,0.0,0.0,0.0
522,Callan Potter,Song Kenan,2020-02-22,0,750.0,9,0,2,0,2,3,1,0,0,0,1,2,0,0,182.88,180.34,170.0,476.5,4,0,0,1,1,1,1,0,0,0,1,0,0,0,182.88,182.88,170.0,29.0,35.0,0.0,0.0,0.0,1.0,1.0,0.0,0.0,0.0
529,Diego Sanchez,Michel Pereira,2020-02-15,2,503.5,4,0,1,0,1,1,1,0,0,0,0,1,0,0,185.42,185.42,170.0,739.5796699840575,78,2,6,0,6,18,12,0,0,3,9,6,0,0,177.8,182.88,170.0,26.0,38.0,0.0,1.0,0.0,0.0,1.0,0.0,0.0,0.0
554,Rafael Dos Anjos,Michael Chiesa,2020-01-25,0,630.95947265625,27,1,2,0,3,9,4,0,0,0,3,0,6,0,185.42,190.5,170.0,1377.817717991769,83,4,0,2,5,18,10,0,0,0,10,4,4,0,172.72,177.8,155.0,32.0,35.0,1.0,0.0,0.0,0.0,1.0,0.0,0.0,0.0
565,Conor McGregor,Donald Cerrone,2020-01-18,2,537.5534647605382,71,1,4,0,8,23,10,0,0,0,7,10,6,0,185.42,185.42,155.0,899.3056640625,24,4,7,0,7,9,2,0,1,0,1,7,0,0,175.26,187.96,155.0,36.0,31.0,1.0,0.0,0.0,0.0,1.0,0.0,0.0,0.0
585,Geoff Neal,Mike Perry,2019-12-14,2,814.060546875,26,0,2,0,2,6,5,0,0,1,1,4,0,0,177.8,180.34,170.0,523.375,8,0,4,0,4,4,0,0,0,0,1,2,1,0,180.34,190.5,170.0,28.0,29.0,1.0,0.0,0.0,0.0,1.0,0.0,0.0,0.0
590,Kamaru Usman,Colby Covington,2019-12-14,2,1341.6796875,33,1,3,0,7,10,1,0,0,0,6,2,2,0,180.34,182.88,170.0,1401.107421875,33,2,10,0,10,10,0,0,0,0,8,1,1,0,182.88,193.04,170.0,31.0,32.0,1.0,0.0,0.0,0.0,1.0,0.0,0.0,0.0
594,Matt Brown,Ben Saunders,2019-12-14,2,324.0712432861328,35,0,3,0,3,9,9,0,0,1,2,3,3,0,187.96,195.58,170.0,376.6284024715424,54,0,1,0,7,14,10,0,0,0,2,10,2,0,182.88,190.5,170.0,36.0,38.0,0.0,1.0,0.0,0.0,1.0,0.0,0.0,0.0
604,Thiago Alves,Tim Means,2019-12-07,0,373.6098556518554,42,0,2,0,4,10,9,0,0,1,3,5,1,0,187.96,190.5,170.0,873.6552617549896,64,1,0,1,7,15,11,0,0,1,5,7,1,1,175.26,177.8,170.0,35.0,36.0,1.0,0.0,0.0,0.0,1.0,0.0,0.0,0.0
610,Sergio Moraes,James Krause,2019-11-16,0,644.916015625,23,0,1,0,5,7,3,0,0,0,3,2,2,0,187.96,185.42,170.0,813.1865234375,34,1,0,1,4,8,5,0,0,2,2,1,3,0,182.88,182.88,170.0,33.0,37.0,1.0,0.0,0.0,0.0,1.0,0.0,0.0,0.0
617,Warlley Alves,Randy Brown,2019-11-16,0,680.2421875,21,0,1,0,2,5,3,0,0,0,2,2,1,0,190.5,198.12,170.0,717.740234375,25,1,4,0,4,7,3,0,0,0,2,1,3,1,180.34,182.88,170.0,29.0,28.0,1.0,0.0,0.0,0.0,0.0,1.0,0.0,0.0
624,Zelim Imadaev,Danny Roberts,2019-11-09,0,384.8046875,18,0,2,0,2,5,4,0,0,1,1,2,1,0,185.42,187.96,170.0,900.0,3,0,0,1,0,0,1,0,0,0,0,0,0,0,182.88,193.04,170.0,32.0,24.0,1.0,0.0,0.0,0.0,0.0,1.0,0.0,0.0
625,Rustam Khabilov,Sergey Khandozhko,2019-11-09,2,900.0,3,0,1,0,1,1,0,0,0,0,1,0,0,0,185.42,187.96,170.0,899.40966796875,33,0,3,0,6,9,3,0,0,1,6,1,0,1,172.72,185.42,155.0,27.0,33.0,1.0,0.0,0.0,0.0,1.0,0.0,0.0,0.0
627,Ramazan Emeev,Anthony Rocco Martin,2019-11-09,0,856.29638671875,35,0,0,2,4,8,5,0,0,0,4,1,3,0,182.88,185.42,170.0,900.0,9,0,3,0,3,3,0,0,0,0,3,0,0,0,177.8,193.04,170.0,29.0,32.0,1.0,0.0,0.0,0.0,1.0,0.0,0.0,0.0
636,Stephen Thompson,Vicente Luque,2019-11-02,2,659.29345703125,22,0,0,1,6,10,2,0,0,1,0,6,3,0,180.34,190.5,170.0,954.2867431640624,40,2,1,0,7,9,5,0,0,0,4,5,0,0,182.88,190.5,170.0,27.0,36.0,1.0,0.0,0.0,0.0,1.0,0.0,0.0,0.0
637,Jorge Masvidal,Nate Diaz,2019-11-02,2,993.2878923416138,60,2,5,0,5,15,9,0,0,1,3,2,9,0,182.88,193.04,170.0,322.1848602294922,44,0,2,0,3,11,6,0,0,0,5,5,1,0,180.34,187.96,170.0,34.0,34.0,1.0,0.0,0.0,0.0,1.0,0.0,0.0,0.0
646,Lyman Good,Chance Rencountre,2019-11-02,2,711.25,7,0,0,1,2,2,1,0,0,0,1,0,1,0,187.96,190.5,170.0,279.125,7,0,1,0,1,2,2,0,0,0,0,2,0,0,182.88,187.96,170.0,32.0,34.0,0.0,1.0,0.0,0.0,0.0,1.0,0.0,0.0
652,Muslim Salikhov,Laureano Staropoli,2019-10-26,2,900.0,6,0,2,0,2,2,0,0,0,0,2,0,0,0,185.42,180.34,170.0,396.5,5,0,0,1,2,2,1,0,0,0,0,2,0,0,180.34,177.8,170.0,26.0,35.0,1.0,0.0,0.0,0.0,1.0,0.0,0.0,0.0
653,Demian Maia,Ben Askren,2019-10-26,2,102.5,2,0,1,0,1,1,1,0,0,0,0,0,1,0,180.34,185.42,170.0,801.8741636928171,82,2,5,0,7,21,9,0,1,1,8,1,10,0,185.42,182.88,170.0,35.0,41.0,1.0,0.0,0.0,0.0,1.0,0.0,0.0,0.0
678,Niko Price,James Vick,2019-10-12,2,398.61572265625,26,0,5,0,5,9,4,0,0,0,4,2,3,0,190.5,193.04,155.0,360.7421875,14,0,1,0,2,5,4,0,0,0,0,3,2,0,182.88,193.04,170.0,32.0,30.0,1.0,0.0,0.0,0.0,1.0,0.0,0.0,0.0
679,Max Griffin,Alex Morono,2019-10-12,0,504.3125,19,0,2,0,2,5,3,0,0,1,2,1,1,0,180.34,182.88,170.0,884.25,19,0,0,1,1,3,4,0,1,0,1,1,0,0,180.34,193.04,170.0,29.0,33.0,1.0,0.0,0.0,0.0,1.0,0.0,0.0,0.0
687,Jake Matthews,Rostem Akman,2019-10-05,2,900.0,3,0,0,1,0,0,1,0,0,0,0,0,0,0,177.8,182.88,170.0,592.228515625,25,0,2,0,3,7,4,0,0,1,1,0,4,1,180.34,185.42,170.0,27.0,25.0,1.0,0.0,0.0,0.0,1.0,0.0,0.0,0.0
692,Luke Jumeau,Dhiego Lima,2019-10-05,0,620.5703125,15,2,0,1,2,3,5,0,0,1,1,1,0,0,187.96,190.5,170.0,900.0,9,0,1,0,1,2,1,0,0,0,2,0,0,0,180.34,182.88,170.0,30.0,31.0,1.0,0.0,0.0,0.0,1.0,0.0,0.0,0.0
699,Nicolas Dalby,Alex Oliveira,2019-09-28,2,661.4334106445312,33,0,0,1,3,9,6,0,0,0,2,4,3,0,180.34,193.04,170.0,900.0,12,0,1,0,1,1,3,0,0,1,0,0,0,0,180.34,187.96,170.0,31.0,34.0,0.0,1.0,0.0,0.0,0.0,1.0,0.0,0.0
700,Gunnar Nelson,Gilbert Burns,2019-09-28,0,742.38330078125,27,0,3,0,3,9,3,0,0,0,3,2,4,0,177.8,180.34,170.0,659.8369140625,26,0,4,0,4,8,4,0,0,0,1,0,7,0,180.34,182.88,170.0,33.0,31.0,1.0,0.0,0.0,0.0,0.0,1.0,0.0,0.0
704,Siyar Bahadurzada,Ismail Naurdiev,2019-09-28,0,900.0,6,0,1,0,1,1,1,0,0,0,1,0,0,0,177.8,187.96,170.0,722.28125,17,0,1,0,3,4,3,0,0,0,0,3,1,0,180.34,185.42,170.0,23.0,35.0,1.0,0.0,0.0,0.0,1.0,0.0,0.0,0.0
743,Belal Muhammad,Takashi Sato,2019-09-07,2,378.0,2,0,1,0,1,1,0,0,0,0,0,1,0,0,177.8,185.42,170.0,893.42578125,25,0,0,1,4,6,3,0,0,1,4,1,0,0,180.34,182.88,170.0,29.0,31.0,0.0,1.0,0.0,0.0,1.0,0.0,0.0,0.0
745,Nordine Taleb,Muslim Salikhov,2019-09-07,0,527.0,4,0,0,1,1,1,1,0,0,0,0,1,0,0,180.34,177.8,170.0,660.99609375,26,0,3,0,3,7,4,0,0,1,4,2,0,0,185.42,187.96,170.0,35.0,38.0,1.0,0.0,0.0,0.0,1.0,0.0,0.0,0.0
748,Li Jingliang,Elizeu Zaleski dos Santos,2019-08-31,2,311.5859375,19,0,0,1,7,7,1,0,0,1,2,3,1,0,180.34,185.42,170.0,815.427734375,26,0,1,0,4,8,3,0,0,1,2,5,0,0,182.88,180.34,170.0,32.0,31.0,1.0,0.0,0.0,0.0,1.0,0.0,0.0,0.0
752,Song Kenan,Derrick Krantz,2019-08-31,2,232.0,1,0,0,1,0,0,1,0,0,0,0,0,0,0,177.8,182.88,170.0,600.0,6,0,2,0,2,2,1,0,0,0,0,2,0,0,182.88,180.34,170.0,31.0,29.0,1.0,0.0,0.0,0.0,1.0,0.0,0.0,0.0
758,Anthony Pettis,Nate Diaz,2019-08-17,0,1086.5757846832275,57,2,5,0,5,14,9,0,0,1,2,2,9,0,182.88,193.04,170.0,591.6576538085938,40,4,0,1,5,9,7,0,0,1,1,3,4,0,177.8,182.88,155.0,34.0,32.0,1.0,0.0,0.0,0.0,1.0,0.0,0.0,0.0
770,Vicente Luque,Mike Perry,2019-08-10,2,728.12109375,23,0,2,0,2,6,4,0,0,1,1,4,0,0,177.8,180.34,170.0,418.5869140625,19,0,0,1,5,9,2,0,0,0,0,6,3,0,180.34,190.5,170.0,27.0,27.0,1.0,0.0,0.0,0.0,1.0,0.0,0.0,0.0
771,Gilbert Burns,Aleksei Kunchenko,2019-08-10,2,900.0,6,0,2,0,2,2,0,0,0,0,2,0,0,0,172.72,177.8,170.0,584.7666015625,24,0,3,0,3,8,3,0,0,0,2,2,4,0,177.8,180.34,170.0,35.0,33.0,1.0,0.0,0.0,0.0,1.0,0.0,0.0,0.0
786,Colby Covington,Robbie Lawler,2019-08-03,2,683.4785404205322,58,5,3,0,5,13,7,0,0,3,4,6,0,0,180.34,187.96,170.0,1183.359375,28,1,3,0,6,9,1,0,0,0,5,2,2,0,180.34,182.88,170.0,37.0,31.0,1.0,0.0,0.0,0.0,1.0,0.0,0.0,0.0
793,Mickey Gall,Salim Touahri,2019-08-03,2,900.0,6,0,0,2,0,0,2,0,0,0,0,0,0,0,177.8,182.88,170.0,436.84375,10,0,3,0,3,4,2,0,0,0,0,0,4,0,187.96,187.96,170.0,29.0,27.0,0.0,1.0,0.0,0.0,1.0,0.0,0.0,0.0
795,Geoff Neal,Niko Price,2019-07-27,2,262.484375,12,0,1,0,2,5,3,0,0,0,0,3,2,0,182.88,193.04,170.0,587.75,6,0,3,0,3,3,0,0,0,0,1,1,1,0,180.34,190.5,170.0,29.0,28.0,1.0,0.0,0.0,0.0,0.0,1.0,0.0,0.0
804,Erik Koch,Kyle Stewart,2019-07-27,2,145.0,1,0,0,1,0,0,1,0,0,0,0,0,0,0,182.88,193.04,170.0,772.140625,19,0,2,0,2,4,5,0,0,0,1,2,1,0,177.8,180.34,170.0,30.0,30.0,1.0,0.0,0.0,0.0,1.0,0.0,0.0,0.0
806,Rafael Dos Anjos,Leon Edwards,2019-07-20,0,1047.14453125,33,0,0,1,7,9,2,0,0,1,5,2,1,0,187.96,187.96,170.0,1255.6354359835386,78,4,0,2,5,18,9,0,0,0,10,4,4,0,172.72,177.8,155.0,27.0,34.0,1.0,0.0,0.0,0.0,0.0,1.0,0.0,0.0
830,Jorge Masvidal,Ben Askren,2019-07-06,2,200.0,1,0,1,0,1,1,0,0,0,0,0,0,1,0,180.34,185.42,170.0,639.3697204589844,43,0,2,0,3,10,6,0,0,0,5,4,1,0,180.34,187.96,170.0,34.0,34.0,1.0,0.0,0.0,0.0,1.0,0.0,0.0,0.0
833,Diego Sanchez,Michael Chiesa,2019-07-06,0,361.9189453125,24,1,2,0,3,8,4,0,0,0,2,0,6,0,185.42,190.5,170.0,579.1593399681151,75,2,6,0,6,18,11,0,0,3,9,6,0,0,177.8,182.88,170.0,31.0,37.0,1.0,0.0,0.0,0.0,1.0,0.0,0.0,0.0
840,Ismail Naurdiev,Chance Rencountre,2019-07-06,0,522.5,4,0,0,1,1,1,1,0,0,0,0,0,1,0,187.96,190.5,170.0,900.0,3,0,1,0,1,1,0,0,0,0,1,0,0,0,177.8,187.96,170.0,32.0,22.0,0.0,1.0,0.0,0.0,1.0,0.0,0.0,0.0
848,Demian Maia,Anthony Rocco Martin,2019-06-29,2,812.5927734375,32,0,0,2,4,8,4,0,0,0,4,1,3,0,182.88,185.42,170.0,703.7483273856342,79,2,5,0,7,20,9,0,0,1,8,1,10,0,185.42,182.88,170.0,29.0,41.0,1.0,0.0,0.0,0.0,1.0,0.0,0.0,0.0
859,Bryan Barberena,Randy Brown,2019-06-22,0,586.484375,18,0,1,0,2,4,3,0,0,0,2,1,1,0,190.5,198.12,170.0,661.765625,22,0,1,0,2,5,4,0,0,0,1,3,1,0,182.88,182.88,170.0,28.0,30.0,0.0,0.0,1.0,0.0,1.0,0.0,0.0,0.0
892,Rafael Dos Anjos,Kevin Lee,2019-05-18,2,1238.25,36,1,0,1,5,10,4,0,0,1,3,1,4,1,175.26,195.58,170.0,1384.2708719670773,74,4,0,2,5,17,9,0,0,0,10,4,3,0,172.72,177.8,155.0,26.0,34.0,1.0,0.0,0.0,0.0,1.0,0.0,0.0,0.0
908,Thiago Alves,Laureano Staropoli,2019-05-11,0,900.0,3,0,1,0,1,1,0,0,0,0,1,0,0,0,185.42,180.34,170.0,847.3105235099792,61,1,0,1,7,15,10,0,0,1,5,7,1,1,175.26,177.8,170.0,26.0,35.0,1.0,0.0,0.0,0.0,1.0,0.0,0.0,0.0
909,Warlley Alves,Sergio Moraes,2019-05-11,2,773.373046875,31,1,0,1,4,8,4,0,0,2,2,1,3,0,182.88,182.88,170.0,582.48046875,22,1,4,0,4,6,3,0,0,0,2,0,3,1,180.34,182.88,170.0,36.0,28.0,1.0,0.0,0.0,0.0,1.0,0.0,0.0,0.0
934,Alex Oliveira,Mike Perry,2019-04-27,0,556.2421875,20,0,2,0,2,5,4,0,0,1,0,4,0,0,177.8,180.34,170.0,422.8668212890625,30,0,0,1,3,9,5,0,0,0,2,4,3,0,180.34,193.04,170.0,27.0,31.0,0.0,1.0,0.0,0.0,1.0,0.0,0.0,0.0
939,Court McGee,Dhiego Lima,2019-04-27,0,341.140625,12,2,0,1,1,2,5,0,0,0,1,1,0,0,187.96,190.5,170.0,879.770751953125,39,1,3,0,3,8,6,0,0,1,5,0,2,0,180.34,190.5,170.0,30.0,34.0,0.0,1.0,0.0,0.0,1.0,0.0,0.0,0.0
947,Sultan Aliev,Keita Nakamura,2019-04-20,2,889.3203125,29,0,0,3,1,4,6,0,0,2,0,0,2,0,180.34,185.42,170.0,565.5,6,0,0,1,1,1,2,0,0,1,0,0,0,0,180.34,187.96,170.0,34.0,34.0,1.0,0.0,0.0,0.0,1.0,0.0,0.0,0.0
954,Alan Jouban,Dwight Grant,2019-04-13,0,599.5,4,0,0,1,1,1,1,0,0,0,0,1,0,0,185.42,193.04,170.0,391.0244140625,21,0,1,0,3,7,4,0,0,0,3,4,0,0,182.88,185.42,170.0,34.0,37.0,0.0,1.0,0.0,0.0,1.0,0.0,0.0,0.0
958,Curtis Millender,Belal Muhammad,2019-04-13,0,886.8515625,22,0,0,1,4,5,3,0,0,1,3,1,0,0,180.34,182.88,170.0,484.625,9,0,3,0,3,3,1,0,0,0,2,1,0,0,187.96,193.04,170.0,30.0,31.0,1.0,0.0,0.0,0.0,0.0,1.0,0.0,0.0
979,Stephen Thompson,Anthony Pettis,2019-03-23,0,588.3153076171875,38,4,0,1,5,8,7,0,0,1,1,2,4,0,177.8,182.88,155.0,1313.573486328125,38,2,1,0,7,9,4,0,0,0,4,5,0,0,182.88,190.5,170.0,32.0,36.0,0.0,1.0,0.0,0.0,1.0,0.0,0.0,0.0
994,Danny Roberts,Claudio Silva,2019-03-16,0,585.5,7,0,3,0,3,3,0,0,0,1,1,0,1,0,180.34,180.34,170.0,568.21875,14,0,2,0,2,5,2,0,0,1,1,2,1,0,185.42,187.96,170.0,36.0,31.0,1.0,0.0,0.0,0.0,1.0,0.0,0.0,0.0
995,Darren Till,Jorge Masvidal,2019-03-16,0,793.7394409179688,41,0,2,0,3,9,6,0,0,0,5,3,1,0,180.34,187.96,170.0,791.640625,19,1,1,0,4,5,2,0,0,0,3,2,0,0,182.88,187.96,185.0,34.0,26.0,1.0,0.0,0.0,0.0,1.0,0.0,0.0,0.0
996,Leon Edwards,Gunnar Nelson,2019-03-16,2,419.673828125,23,0,4,0,4,8,3,0,0,0,1,0,7,0,180.34,182.88,170.0,1194.2890625,30,0,0,1,6,8,2,0,0,0,5,2,1,0,187.96,187.96,170.0,30.0,27.0,1.0,0.0,0.0,0.0,1.0,0.0,0.0,0.0
1002,Elizeu Zaleski dos Santos,Curtis Millender,2019-03-09,2,814.25,8,0,3,0,3,3,0,0,0,0,2,1,0,0,187.96,193.04,170.0,468.171875,18,0,0,1,6,6,1,0,0,1,2,3,0,0,180.34,185.42,170.0,31.0,32.0,0.0,1.0,0.0,0.0,0.0,1.0,0.0,0.0
1007,Anthony Rocco Martin,Sergio Moraes,2019-03-09,2,646.74609375,28,1,0,1,4,8,3,0,0,2,2,1,3,0,182.88,182.88,170.0,725.185546875,29,0,0,2,3,7,4,0,0,0,3,1,3,0,182.88,185.42,170.0,36.0,29.0,1.0,0.0,0.0,0.0,1.0,0.0,0.0,0.0
1008,Tim Means,Niko Price,2019-03-09,0,234.96875,11,0,1,0,2,4,3,0,0,0,0,2,2,0,182.88,193.04,170.0,457.2197113037109,41,0,2,0,4,10,8,0,0,1,3,5,1,0,187.96,190.5,170.0,29.0,35.0,0.0,0.0,1.0,0.0,0.0,1.0,0.0,0.0
1012,Alex Morono,Zak Ottow,2019-03-09,2,659.8125,16,0,1,0,1,4,3,0,0,3,0,1,0,0,180.34,182.88,170.0,794.625,18,0,2,0,2,4,3,0,0,1,2,0,1,0,180.34,182.88,170.0,32.0,28.0,1.0,0.0,0.0,0.0,1.0,0.0,0.0,0.0
1019,Tyron Woodley,Kamaru Usman,2019-03-02,0,1302.21484375,28,1,9,0,9,9,0,0,0,0,7,1,1,0,182.88,193.04,170.0,959.478515625,32,5,1,0,3,9,3,0,1,1,1,5,1,0,175.26,187.96,170.0,31.0,36.0,0.0,1.0,0.0,0.0,1.0,0.0,0.0,0.0
1022,Diego Sanchez,Mickey Gall,2019-03-02,2,320.6875,8,0,3,0,3,4,1,0,0,0,0,0,4,0,187.96,187.96,170.0,605.3186799362302,73,2,6,0,6,17,11,0,0,3,9,5,0,0,177.8,182.88,170.0,27.0,37.0,1.0,0.0,0.0,0.0,1.0,0.0,0.0,0.0
1027,Dwight Grant,Carlo Pedersoli Jr.,2019-02-23,2,469.5,4,0,1,0,1,1,1,0,0,1,0,0,0,0,180.34,190.5,170.0,900.0,3,0,0,1,0,0,1,0,0,0,0,0,0,0,185.42,193.04,170.0,25.0,34.0,1.0,0.0,0.0,0.0,1.0,0.0,0.0,0.0
1045,Vicente Luque,Bryan Barberena,2019-02-17,2,429.53125,19,0,1,0,2,5,3,0,0,0,1,3,1,0,182.88,182.88,170.0,316.34765625,15,0,0,1,4,7,2,0,0,0,0,4,3,0,180.34,190.5,170.0,29.0,27.0,1.0,0.0,0.0,0.0,1.0,0.0,0.0,0.0
1062,Demian Maia,Lyman Good,2019-02-02,2,400.25,6,0,1,0,1,2,1,0,0,0,0,2,0,0,182.88,187.96,170.0,1249.4966547712684,78,2,5,0,7,19,9,0,0,1,8,1,9,0,185.42,182.88,170.0,33.0,41.0,0.0,0.0,1.0,0.0,1.0,0.0,0.0,0.0
1071,Thiago Alves,Max Griffin,2019-02-02,2,837.0,13,0,0,1,1,2,3,0,0,0,1,1,0,0,180.34,193.04,170.0,794.6210470199585,58,1,0,1,7,14,10,0,0,0,5,7,1,1,175.26,177.8,170.0,33.0,35.0,1.0,0.0,0.0,0.0,0.0,0.0,1.0,0.0
